module,phase,name,code,sequence,workflow-file,command,required,agent,options,description,output-location,outputs,
tea,0-learning,测试学习课,TMT,10,skill:bmad-teach-me-testing,bmad-tea-teach-me-testing,false,tea,创建模式,"通过 7 个结构化课程系统学习测试基础知识（TEA Academy）。",test_artifacts,"进度文件|课程笔记|结业证书",
tea,3-solutioning,测试设计,TD,10,skill:bmad-testarch-test-design,bmad-tea-testarch-test-design,false,tea,创建模式,"开展基于风险的测试规划。",test_artifacts,"测试设计文档",
tea,3-solutioning,测试框架,TF,20,skill:bmad-testarch-framework,bmad-tea-testarch-framework,false,tea,创建模式,"初始化可用于生产环境的测试框架。",test_artifacts,"框架脚手架",
tea,3-solutioning,CI 配置,CI,30,skill:bmad-testarch-ci,bmad-tea-testarch-ci,false,tea,创建模式,"配置 CI/CD 质量流水线。",test_artifacts,"CI 配置",
tea,4-implementation,ATDD,AT,10,skill:bmad-testarch-atdd,bmad-tea-testarch-atdd,false,tea,创建模式,"生成当前失败的验收测试，进入 TDD 红灯阶段。",test_artifacts,"ATDD 测试",
tea,4-implementation,测试自动化,TA,20,skill:bmad-testarch-automate,bmad-tea-testarch-automate,false,tea,创建模式,"扩展自动化测试覆盖率。",test_artifacts,"测试套件",
tea,4-implementation,测试审查,RV,30,skill:bmad-testarch-test-review,bmad-tea-testarch-test-review,false,tea,校验模式,"开展测试质量审计，并给出 0-100 分评分。",test_artifacts,"审查报告",
tea,4-implementation,NFR 评估,NR,40,skill:bmad-testarch-nfr,bmad-tea-testarch-nfr,false,tea,创建模式,"评估非功能性需求。",test_artifacts,"NFR 报告",
tea,4-implementation,可追溯性,TR,50,skill:bmad-testarch-trace,bmad-tea-testarch-trace,false,tea,创建模式,"生成覆盖追踪矩阵，并给出质量门决策。",test_artifacts,"追踪矩阵|质量门决策",
